"URL";"COD_MUNICIPIO"
"http://opendata.aragon.es/recurso/territorio/Municipio/Ababuj";"44001";
"http://opendata.aragon.es/recurso/territorio/Municipio/Abanto";"50001";
"http://opendata.aragon.es/recurso/territorio/Municipio/Abejuela";"44002";
"http://opendata.aragon.es/recurso/territorio/Municipio/Abiego";"22001";
"http://opendata.aragon.es/recurso/territorio/Municipio/Abizanda";"22002";
"http://opendata.aragon.es/recurso/territorio/Municipio/Acered";"50002";
"http://opendata.aragon.es/recurso/territorio/Municipio/Adahuesca";"22003";
"http://opendata.aragon.es/recurso/territorio/Municipio/Aguarón";"50004";
"http://opendata.aragon.es/recurso/territorio/Municipio/Aguatón";"44003";
"http://opendata.aragon.es/recurso/territorio/Municipio/Aguaviva";"44004";
"http://opendata.aragon.es/recurso/territorio/Municipio/Aguilar_del_Alfambra";"44005";
"http://opendata.aragon.es/recurso/territorio/Municipio/Aguilón";"50005";
"http://opendata.aragon.es/recurso/territorio/Municipio/Agón";"50003";
"http://opendata.aragon.es/recurso/territorio/Municipio/Agüero";"22004";
"http://opendata.aragon.es/recurso/territorio/Municipio/Ainzón";"50006";
"http://opendata.aragon.es/recurso/territorio/Municipio/Alacón";"44006";
"http://opendata.aragon.es/recurso/territorio/Municipio/Aladrén";"50007";
"http://opendata.aragon.es/recurso/territorio/Municipio/Alagón";"50008";
"http://opendata.aragon.es/recurso/territorio/Municipio/Alarba";"50009";
"http://opendata.aragon.es/recurso/territorio/Municipio/Alba";"44007";
"http://opendata.aragon.es/recurso/territorio/Municipio/Albalate_de_Cinca";"22007";
"http://opendata.aragon.es/recurso/territorio/Municipio/Albalate_del_Arzobispo";"44008";
"http://opendata.aragon.es/recurso/territorio/Municipio/Albalatillo";"22008";
"http://opendata.aragon.es/recurso/territorio/Municipio/Albarracín";"44009";
"http://opendata.aragon.es/recurso/territorio/Municipio/Albelda";"22009";
"http://opendata.aragon.es/recurso/territorio/Municipio/Albentosa";"44010";
"http://opendata.aragon.es/recurso/territorio/Municipio/Alberite_de_San_Juan";"50010";
"http://opendata.aragon.es/recurso/territorio/Municipio/Albero_Alto";"22011";
"http://opendata.aragon.es/recurso/territorio/Municipio/Albero_Bajo";"22012";
"http://opendata.aragon.es/recurso/territorio/Municipio/Alberuela_de_Tubo";"22013";
"http://opendata.aragon.es/recurso/territorio/Municipio/Albeta";"50011";
"http://opendata.aragon.es/recurso/territorio/Municipio/Alborge";"50012";
"http://opendata.aragon.es/recurso/territorio/Municipio/Alcaine";"44011";
"http://opendata.aragon.es/recurso/territorio/Municipio/Alcalá_de_Ebro";"50013";
"http://opendata.aragon.es/recurso/territorio/Municipio/Alcalá_de_Gurrea";"22014";
"http://opendata.aragon.es/recurso/territorio/Municipio/Alcalá_de_Moncayo";"50014";
"http://opendata.aragon.es/recurso/territorio/Municipio/Alcalá_de_la_Selva";"44012";
"http://opendata.aragon.es/recurso/territorio/Municipio/Alcalá_del_Obispo";"22015";
"http://opendata.aragon.es/recurso/territorio/Municipio/Alcampell";"22016";
"http://opendata.aragon.es/recurso/territorio/Municipio/Alcañiz";"44013";
"http://opendata.aragon.es/recurso/territorio/Municipio/Alcolea_de_Cinca";"22017";
"http://opendata.aragon.es/recurso/territorio/Municipio/Alconchel_de_Ariza";"50015";
"http://opendata.aragon.es/recurso/territorio/Municipio/Alcorisa";"44014";
"http://opendata.aragon.es/recurso/territorio/Municipio/Alcubierre";"22018";
"http://opendata.aragon.es/recurso/territorio/Municipio/Aldehuela_de_Liestos";"50016";
"http://opendata.aragon.es/recurso/territorio/Municipio/Alerre";"22019";
"http://opendata.aragon.es/recurso/territorio/Municipio/Alfajarín";"50017";
"http://opendata.aragon.es/recurso/territorio/Municipio/Alfambra";"44016";
"http://opendata.aragon.es/recurso/territorio/Municipio/Alfamén";"50018";
"http://opendata.aragon.es/recurso/territorio/Municipio/Alforque";"50019";
"http://opendata.aragon.es/recurso/territorio/Municipio/Alfántega";"22020";
"http://opendata.aragon.es/recurso/territorio/Municipio/Alhama_de_Aragón";"50020";
"http://opendata.aragon.es/recurso/territorio/Municipio/Aliaga";"44017";
"http://opendata.aragon.es/recurso/territorio/Municipio/Allepuz";"44021";
"http://opendata.aragon.es/recurso/territorio/Municipio/Alloza";"44022";
"http://opendata.aragon.es/recurso/territorio/Municipio/Allueva";"44023";
"http://opendata.aragon.es/recurso/territorio/Municipio/Almochuel";"50021";
"http://opendata.aragon.es/recurso/territorio/Municipio/Almohaja";"44018";
"http://opendata.aragon.es/recurso/territorio/Municipio/Almolda_(La)";"50022";
"http://opendata.aragon.es/recurso/territorio/Municipio/Almonacid_de_la_Cuba";"50023";
"http://opendata.aragon.es/recurso/territorio/Municipio/Almonacid_de_la_Sierra";"50024";
"http://opendata.aragon.es/recurso/territorio/Municipio/Almudévar";"22021";
"http://opendata.aragon.es/recurso/territorio/Municipio/Almunia_de_Doña_Godina_(La)";"50025";
"http://opendata.aragon.es/recurso/territorio/Municipio/Almunia_de_San_Juan";"22022";
"http://opendata.aragon.es/recurso/territorio/Municipio/Almuniente";"22023";
"http://opendata.aragon.es/recurso/territorio/Municipio/Alobras";"44019";
"http://opendata.aragon.es/recurso/territorio/Municipio/Alpartir";"50026";
"http://opendata.aragon.es/recurso/territorio/Municipio/Alpeñés";"44020";
"http://opendata.aragon.es/recurso/territorio/Municipio/Alquézar";"22024";
"http://opendata.aragon.es/recurso/territorio/Municipio/Altorricón";"22025";
"http://opendata.aragon.es/recurso/territorio/Municipio/Ambel";"50027";
"http://opendata.aragon.es/recurso/territorio/Municipio/Anadón";"44024";
"http://opendata.aragon.es/recurso/territorio/Municipio/Andorra";"44025";
"http://opendata.aragon.es/recurso/territorio/Municipio/Anento";"50028";
"http://opendata.aragon.es/recurso/territorio/Municipio/Angüés";"22027";
"http://opendata.aragon.es/recurso/territorio/Municipio/Aniñón";"50029";
"http://opendata.aragon.es/recurso/territorio/Municipio/Ansó";"22028";
"http://opendata.aragon.es/recurso/territorio/Municipio/Antillón";"22029";
"http://opendata.aragon.es/recurso/territorio/Municipio/Aragüés_del_Puerto";"22032";
"http://opendata.aragon.es/recurso/territorio/Municipio/Aranda_de_Moncayo";"50031";
"http://opendata.aragon.es/recurso/territorio/Municipio/Arcos_de_las_Salinas";"44026";
"http://opendata.aragon.es/recurso/territorio/Municipio/Ardisa";"50033";
"http://opendata.aragon.es/recurso/territorio/Municipio/Arens_de_Lledó";"44027";
"http://opendata.aragon.es/recurso/territorio/Municipio/Argavieso";"22036";
"http://opendata.aragon.es/recurso/territorio/Municipio/Argente";"44028";
"http://opendata.aragon.es/recurso/territorio/Municipio/Arguis";"22037";
"http://opendata.aragon.es/recurso/territorio/Municipio/Ariza";"50034";
"http://opendata.aragon.es/recurso/territorio/Municipio/Ariño";"44029";
"http://opendata.aragon.es/recurso/territorio/Municipio/Artieda";"50035";
"http://opendata.aragon.es/recurso/territorio/Municipio/Arándiga";"50032";
"http://opendata.aragon.es/recurso/territorio/Municipio/Arén";"22035";
"http://opendata.aragon.es/recurso/territorio/Municipio/Asín";"50036";
"http://opendata.aragon.es/recurso/territorio/Municipio/Atea";"50037";
"http://opendata.aragon.es/recurso/territorio/Municipio/Ateca";"50038";
"http://opendata.aragon.es/recurso/territorio/Municipio/Ayerbe";"22039";
"http://opendata.aragon.es/recurso/territorio/Municipio/Azaila";"44031";
"http://opendata.aragon.es/recurso/territorio/Municipio/Azanuy-Alins";"22040";
"http://opendata.aragon.es/recurso/territorio/Municipio/Azara";"22041";
"http://opendata.aragon.es/recurso/territorio/Municipio/Azlor";"22042";
"http://opendata.aragon.es/recurso/territorio/Municipio/Azuara";"50039";
"http://opendata.aragon.es/recurso/territorio/Municipio/Aínsa-Sobrarbe";"22907";
"http://opendata.aragon.es/recurso/territorio/Municipio/Aísa";"22006";
"http://opendata.aragon.es/recurso/territorio/Municipio/Añón_de_Moncayo";"50030";
"http://opendata.aragon.es/recurso/territorio/Municipio/Badules";"50040";
"http://opendata.aragon.es/recurso/territorio/Municipio/Baells";"22043";
"http://opendata.aragon.es/recurso/territorio/Municipio/Bagüés";"50041";
"http://opendata.aragon.es/recurso/territorio/Municipio/Bailo";"22044";
"http://opendata.aragon.es/recurso/territorio/Municipio/Balconchán";"50042";
"http://opendata.aragon.es/recurso/territorio/Municipio/Baldellou";"22045";
"http://opendata.aragon.es/recurso/territorio/Municipio/Ballobar";"22046";
"http://opendata.aragon.es/recurso/territorio/Municipio/Banastás";"22047";
"http://opendata.aragon.es/recurso/territorio/Municipio/Barbastro";"22048";
"http://opendata.aragon.es/recurso/territorio/Municipio/Barbués";"22049";
"http://opendata.aragon.es/recurso/territorio/Municipio/Barbuñales";"22050";
"http://opendata.aragon.es/recurso/territorio/Municipio/Bardallur";"50044";
"http://opendata.aragon.es/recurso/territorio/Municipio/Barrachina";"44035";
"http://opendata.aragon.es/recurso/territorio/Municipio/Bañón";"44034";
"http://opendata.aragon.es/recurso/territorio/Municipio/Bea";"44036";
"http://opendata.aragon.es/recurso/territorio/Municipio/Beceite";"44037";
"http://opendata.aragon.es/recurso/territorio/Municipio/Belchite";"50045";
"http://opendata.aragon.es/recurso/territorio/Municipio/Bello";"44039";
"http://opendata.aragon.es/recurso/territorio/Municipio/Belmonte_de_Gracián";"50046";
"http://opendata.aragon.es/recurso/territorio/Municipio/Belmonte_de_San_José";"44038";
"http://opendata.aragon.es/recurso/territorio/Municipio/Belver_de_Cinca";"22052";
"http://opendata.aragon.es/recurso/territorio/Municipio/Benabarre";"22053";
"http://opendata.aragon.es/recurso/territorio/Municipio/Benasque";"22054";
"http://opendata.aragon.es/recurso/territorio/Municipio/Berbegal";"22055";
"http://opendata.aragon.es/recurso/territorio/Municipio/Berdejo";"50047";
"http://opendata.aragon.es/recurso/territorio/Municipio/Berge";"44040";
"http://opendata.aragon.es/recurso/territorio/Municipio/Berrueco";"50048";
"http://opendata.aragon.es/recurso/territorio/Municipio/Bezas";"44041";
"http://opendata.aragon.es/recurso/territorio/Municipio/Biel";"50901";
"http://opendata.aragon.es/recurso/territorio/Municipio/Bielsa";"22057";
"http://opendata.aragon.es/recurso/territorio/Municipio/Bierge";"22058";
"http://opendata.aragon.es/recurso/territorio/Municipio/Biescas";"22059";
"http://opendata.aragon.es/recurso/territorio/Municipio/Bijuesca";"50050";
"http://opendata.aragon.es/recurso/territorio/Municipio/Binaced";"22060";
"http://opendata.aragon.es/recurso/territorio/Municipio/Binéfar";"22061";
"http://opendata.aragon.es/recurso/territorio/Municipio/Biota";"50051";
"http://opendata.aragon.es/recurso/territorio/Municipio/Bisaurri";"22062";
"http://opendata.aragon.es/recurso/territorio/Municipio/Biscarrués";"22063";
"http://opendata.aragon.es/recurso/territorio/Municipio/Bisimbre";"50052";
"http://opendata.aragon.es/recurso/territorio/Municipio/Blancas";"44042";
"http://opendata.aragon.es/recurso/territorio/Municipio/Blecua_y_Torres";"22064";
"http://opendata.aragon.es/recurso/territorio/Municipio/Blesa";"44043";
"http://opendata.aragon.es/recurso/territorio/Municipio/Boltaña";"22066";
"http://opendata.aragon.es/recurso/territorio/Municipio/Bonansa";"22067";
"http://opendata.aragon.es/recurso/territorio/Municipio/Boquiñeni";"50053";
"http://opendata.aragon.es/recurso/territorio/Municipio/Borau";"22068";
"http://opendata.aragon.es/recurso/territorio/Municipio/Bordalba";"50054";
"http://opendata.aragon.es/recurso/territorio/Municipio/Bordón";"44044";
"http://opendata.aragon.es/recurso/territorio/Municipio/Borja";"50055";
"http://opendata.aragon.es/recurso/territorio/Municipio/Botorrita";"50056";
"http://opendata.aragon.es/recurso/territorio/Municipio/Brea_de_Aragón";"50057";
"http://opendata.aragon.es/recurso/territorio/Municipio/Bronchales";"44045";
"http://opendata.aragon.es/recurso/territorio/Municipio/Broto";"22069";
"http://opendata.aragon.es/recurso/territorio/Municipio/Bubierca";"50058";
"http://opendata.aragon.es/recurso/territorio/Municipio/Bueña";"44046";
"http://opendata.aragon.es/recurso/territorio/Municipio/Bujaraloz";"50059";
"http://opendata.aragon.es/recurso/territorio/Municipio/Bulbuente";"50060";
"http://opendata.aragon.es/recurso/territorio/Municipio/Burbáguena";"44047";
"http://opendata.aragon.es/recurso/territorio/Municipio/Bureta";"50061";
"http://opendata.aragon.es/recurso/territorio/Municipio/Burgo_de_Ebro_(El)";"50062";
"http://opendata.aragon.es/recurso/territorio/Municipio/Buste_(El)";"50063";
"http://opendata.aragon.es/recurso/territorio/Municipio/Bádenas";"44032";
"http://opendata.aragon.es/recurso/territorio/Municipio/Báguena";"44033";
"http://opendata.aragon.es/recurso/territorio/Municipio/Bárboles";"50043";
"http://opendata.aragon.es/recurso/territorio/Municipio/Bárcabo";"22051";
"http://opendata.aragon.es/recurso/territorio/Municipio/Cabañas_de_Ebro";"50064";
"http://opendata.aragon.es/recurso/territorio/Municipio/Cabolafuente";"50065";
"http://opendata.aragon.es/recurso/territorio/Municipio/Cabra_de_Mora";"44048";
"http://opendata.aragon.es/recurso/territorio/Municipio/Cadrete";"50066";
"http://opendata.aragon.es/recurso/territorio/Municipio/Calaceite";"44049";
"http://opendata.aragon.es/recurso/territorio/Municipio/Calamocha";"44050";
"http://opendata.aragon.es/recurso/territorio/Municipio/Calanda";"44051";
"http://opendata.aragon.es/recurso/territorio/Municipio/Calatayud";"50067";
"http://opendata.aragon.es/recurso/territorio/Municipio/Calatorao";"50068";
"http://opendata.aragon.es/recurso/territorio/Municipio/Calcena";"50069";
"http://opendata.aragon.es/recurso/territorio/Municipio/Caldearenas";"22072";
"http://opendata.aragon.es/recurso/territorio/Municipio/Calmarza";"50070";
"http://opendata.aragon.es/recurso/territorio/Municipio/Calomarde";"44052";
"http://opendata.aragon.es/recurso/territorio/Municipio/Camarena_de_la_Sierra";"44054";
"http://opendata.aragon.es/recurso/territorio/Municipio/Camarillas";"44055";
"http://opendata.aragon.es/recurso/territorio/Municipio/Camañas";"44053";
"http://opendata.aragon.es/recurso/territorio/Municipio/Caminreal";"44056";
"http://opendata.aragon.es/recurso/territorio/Municipio/Campillo_de_Aragón";"50071";
"http://opendata.aragon.es/recurso/territorio/Municipio/Campo";"22074";
"http://opendata.aragon.es/recurso/territorio/Municipio/Camporrells";"22075";
"http://opendata.aragon.es/recurso/territorio/Municipio/Canal_de_Berdún";"22076";
"http://opendata.aragon.es/recurso/territorio/Municipio/Candasnos";"22077";
"http://opendata.aragon.es/recurso/territorio/Municipio/Canfranc";"22078";
"http://opendata.aragon.es/recurso/territorio/Municipio/Cantavieja";"44059";
"http://opendata.aragon.es/recurso/territorio/Municipio/Capdesaso";"22079";
"http://opendata.aragon.es/recurso/territorio/Municipio/Capella";"22080";
"http://opendata.aragon.es/recurso/territorio/Municipio/Carenas";"50072";
"http://opendata.aragon.es/recurso/territorio/Municipio/Cariñena";"50073";
"http://opendata.aragon.es/recurso/territorio/Municipio/Casbas_de_Huesca";"22081";
"http://opendata.aragon.es/recurso/territorio/Municipio/Cascante_del_Río";"44064";
"http://opendata.aragon.es/recurso/territorio/Municipio/Caspe";"50074";
"http://opendata.aragon.es/recurso/territorio/Municipio/Castejón_de_Alarba";"50075";
"http://opendata.aragon.es/recurso/territorio/Municipio/Castejón_de_Monegros";"22083";
"http://opendata.aragon.es/recurso/territorio/Municipio/Castejón_de_Sos";"22084";
"http://opendata.aragon.es/recurso/territorio/Municipio/Castejón_de_Tornos";"44065";
"http://opendata.aragon.es/recurso/territorio/Municipio/Castejón_de_Valdejasa";"50077";
"http://opendata.aragon.es/recurso/territorio/Municipio/Castejón_de_las_Armas";"50076";
"http://opendata.aragon.es/recurso/territorio/Municipio/Castejón_del_Puente";"22082";
"http://opendata.aragon.es/recurso/territorio/Municipio/Castel_de_Cabra";"44066";
"http://opendata.aragon.es/recurso/territorio/Municipio/Castelflorite";"22085";
"http://opendata.aragon.es/recurso/territorio/Municipio/Castellar_(El)";"44070";
"http://opendata.aragon.es/recurso/territorio/Municipio/Castellote";"44071";
"http://opendata.aragon.es/recurso/territorio/Municipio/Castelnou";"44067";
"http://opendata.aragon.es/recurso/territorio/Municipio/Castelserás";"44068";
"http://opendata.aragon.es/recurso/territorio/Municipio/Castiello_de_Jaca";"22086";
"http://opendata.aragon.es/recurso/territorio/Municipio/Castigaleu";"22087";
"http://opendata.aragon.es/recurso/territorio/Municipio/Castiliscar";"50078";
"http://opendata.aragon.es/recurso/territorio/Municipio/Castillazuelo";"22088";
"http://opendata.aragon.es/recurso/territorio/Municipio/Castillonroy";"22089";
"http://opendata.aragon.es/recurso/territorio/Municipio/Cañada_Vellida";"44062";
"http://opendata.aragon.es/recurso/territorio/Municipio/Cañada_de_Benatanduz";"44060";
"http://opendata.aragon.es/recurso/territorio/Municipio/Cañada_de_Verich_(La)";"44061";
"http://opendata.aragon.es/recurso/territorio/Municipio/Cañizar_del_Olivar";"44063";
"http://opendata.aragon.es/recurso/territorio/Municipio/Cedrillas";"44074";
"http://opendata.aragon.es/recurso/territorio/Municipio/Celadas";"44075";
"http://opendata.aragon.es/recurso/territorio/Municipio/Cella";"44076";
"http://opendata.aragon.es/recurso/territorio/Municipio/Cerollera_(La)";"44077";
"http://opendata.aragon.es/recurso/territorio/Municipio/Cervera_de_la_Cañada";"50079";
"http://opendata.aragon.es/recurso/territorio/Municipio/Cerveruela";"50080";
"http://opendata.aragon.es/recurso/territorio/Municipio/Cetina";"50081";
"http://opendata.aragon.es/recurso/territorio/Municipio/Chalamera";"22094";
"http://opendata.aragon.es/recurso/territorio/Municipio/Chimillas";"22096";
"http://opendata.aragon.es/recurso/territorio/Municipio/Chiprana";"50092";
"http://opendata.aragon.es/recurso/territorio/Municipio/Chodes";"50093";
"http://opendata.aragon.es/recurso/territorio/Municipio/Chía";"22095";
"http://opendata.aragon.es/recurso/territorio/Municipio/Cimballa";"50082";
"http://opendata.aragon.es/recurso/territorio/Municipio/Cinco_Olivas";"50083";
"http://opendata.aragon.es/recurso/territorio/Municipio/Clarés_de_Ribota";"50084";
"http://opendata.aragon.es/recurso/territorio/Municipio/Codo";"50085";
"http://opendata.aragon.es/recurso/territorio/Municipio/Codos";"50086";
"http://opendata.aragon.es/recurso/territorio/Municipio/Codoñera_(La)";"44080";
"http://opendata.aragon.es/recurso/territorio/Municipio/Colungo";"22090";
"http://opendata.aragon.es/recurso/territorio/Municipio/Contamina";"50087";
"http://opendata.aragon.es/recurso/territorio/Municipio/Corbalán";"44082";
"http://opendata.aragon.es/recurso/territorio/Municipio/Cortes_de_Aragón";"44084";
"http://opendata.aragon.es/recurso/territorio/Municipio/Cosa";"44085";
"http://opendata.aragon.es/recurso/territorio/Municipio/Cosuenda";"50088";
"http://opendata.aragon.es/recurso/territorio/Municipio/Cretas";"44086";
"http://opendata.aragon.es/recurso/territorio/Municipio/Crivillén";"44087";
"http://opendata.aragon.es/recurso/territorio/Municipio/Cuarte_de_Huerva";"50089";
"http://opendata.aragon.es/recurso/territorio/Municipio/Cuba_(La)";"44088";
"http://opendata.aragon.es/recurso/territorio/Municipio/Cubel";"50090";
"http://opendata.aragon.es/recurso/territorio/Municipio/Cubla";"44089";
"http://opendata.aragon.es/recurso/territorio/Municipio/Cucalón";"44090";
"http://opendata.aragon.es/recurso/territorio/Municipio/Cuerlas_(Las)";"50091";
"http://opendata.aragon.es/recurso/territorio/Municipio/Cuervo_(El)";"44092";
"http://opendata.aragon.es/recurso/territorio/Municipio/Cuevas_Labradas";"44094";
"http://opendata.aragon.es/recurso/territorio/Municipio/Cuevas_de_Almudén";"44093";
"http://opendata.aragon.es/recurso/territorio/Municipio/Daroca";"50094";
"http://opendata.aragon.es/recurso/territorio/Municipio/Ejea_de_los_Caballeros";"50095";
"http://opendata.aragon.es/recurso/territorio/Municipio/Ejulve";"44096";
"http://opendata.aragon.es/recurso/territorio/Municipio/Embid_de_Ariza";"50096";
"http://opendata.aragon.es/recurso/territorio/Municipio/Encinacorba";"50098";
"http://opendata.aragon.es/recurso/territorio/Municipio/Erla";"50100";
"http://opendata.aragon.es/recurso/territorio/Municipio/Escatrón";"50101";
"http://opendata.aragon.es/recurso/territorio/Municipio/Escorihuela";"44097";
"http://opendata.aragon.es/recurso/territorio/Municipio/Escucha";"44099";
"http://opendata.aragon.es/recurso/territorio/Municipio/Esplús";"22099";
"http://opendata.aragon.es/recurso/territorio/Municipio/Estada";"22102";
"http://opendata.aragon.es/recurso/territorio/Municipio/Estadilla";"22103";
"http://opendata.aragon.es/recurso/territorio/Municipio/Estercuel";"44100";
"http://opendata.aragon.es/recurso/territorio/Municipio/Estopiñán_del_Castillo";"22105";
"http://opendata.aragon.es/recurso/territorio/Municipio/Fabara";"50102";
"http://opendata.aragon.es/recurso/territorio/Municipio/Fago";"22106";
"http://opendata.aragon.es/recurso/territorio/Municipio/Fanlo";"22107";
"http://opendata.aragon.es/recurso/territorio/Municipio/Farlete";"50104";
"http://opendata.aragon.es/recurso/territorio/Municipio/Fayos_(Los)";"50106";
"http://opendata.aragon.es/recurso/territorio/Municipio/Fayón";"50105";
"http://opendata.aragon.es/recurso/territorio/Municipio/Ferreruela_de_Huerva";"44101";
"http://opendata.aragon.es/recurso/territorio/Municipio/Figueruelas";"50107";
"http://opendata.aragon.es/recurso/territorio/Municipio/Fiscal";"22109";
"http://opendata.aragon.es/recurso/territorio/Municipio/Fombuena";"50108";
"http://opendata.aragon.es/recurso/territorio/Municipio/Fonfría";"44102";
"http://opendata.aragon.es/recurso/territorio/Municipio/Fonz";"22110";
"http://opendata.aragon.es/recurso/territorio/Municipio/Foradada_del_Toscar";"22111";
"http://opendata.aragon.es/recurso/territorio/Municipio/Formiche_Alto";"44103";
"http://opendata.aragon.es/recurso/territorio/Municipio/Fortanete";"44106";
"http://opendata.aragon.es/recurso/territorio/Municipio/Foz-Calanda";"44107";
"http://opendata.aragon.es/recurso/territorio/Municipio/Fraga";"22112";
"http://opendata.aragon.es/recurso/territorio/Municipio/Frago_(El)";"50109";
"http://opendata.aragon.es/recurso/territorio/Municipio/Frasno_(El)";"50110";
"http://opendata.aragon.es/recurso/territorio/Municipio/Fresneda_(La)";"44108";
"http://opendata.aragon.es/recurso/territorio/Municipio/Fréscano";"50111";
"http://opendata.aragon.es/recurso/territorio/Municipio/Frías_de_Albarracín";"44109";
"http://opendata.aragon.es/recurso/territorio/Municipio/Fuendejalón";"50113";
"http://opendata.aragon.es/recurso/territorio/Municipio/Fuendetodos";"50114";
"http://opendata.aragon.es/recurso/territorio/Municipio/Fuenferrada";"44110";
"http://opendata.aragon.es/recurso/territorio/Municipio/Fuentes_Calientes";"44111";
"http://opendata.aragon.es/recurso/territorio/Municipio/Fuentes_Claras";"44112";
"http://opendata.aragon.es/recurso/territorio/Municipio/Fuentes_de_Ebro";"50115";
"http://opendata.aragon.es/recurso/territorio/Municipio/Fuentes_de_Jiloca";"50116";
"http://opendata.aragon.es/recurso/territorio/Municipio/Fuentes_de_Rubielos";"44113";
"http://opendata.aragon.es/recurso/territorio/Municipio/Fuentespalda";"44114";
"http://opendata.aragon.es/recurso/territorio/Municipio/Fueva_(La)";"22113";
"http://opendata.aragon.es/recurso/territorio/Municipio/Fórnoles";"44105";
"http://opendata.aragon.es/recurso/territorio/Municipio/Gallocanta";"50117";
"http://opendata.aragon.es/recurso/territorio/Municipio/Gallur";"50118";
"http://opendata.aragon.es/recurso/territorio/Municipio/Galve";"44115";
"http://opendata.aragon.es/recurso/territorio/Municipio/Gargallo";"44116";
"http://opendata.aragon.es/recurso/territorio/Municipio/Gea_de_Albarracín";"44117";
"http://opendata.aragon.es/recurso/territorio/Municipio/Gelsa";"50119";
"http://opendata.aragon.es/recurso/territorio/Municipio/Ginebrosa_(La)";"44118";
"http://opendata.aragon.es/recurso/territorio/Municipio/Gistaín";"22114";
"http://opendata.aragon.es/recurso/territorio/Municipio/Godojos";"50120";
"http://opendata.aragon.es/recurso/territorio/Municipio/Gotor";"50121";
"http://opendata.aragon.es/recurso/territorio/Municipio/Grado_(El)";"22115";
"http://opendata.aragon.es/recurso/territorio/Municipio/Graus";"22117";
"http://opendata.aragon.es/recurso/territorio/Municipio/Grañén";"22116";
"http://opendata.aragon.es/recurso/territorio/Municipio/Griegos";"44119";
"http://opendata.aragon.es/recurso/territorio/Municipio/Grisel";"50122";
"http://opendata.aragon.es/recurso/territorio/Municipio/Grisén";"50123";
"http://opendata.aragon.es/recurso/territorio/Municipio/Guadalaviar";"44120";
"http://opendata.aragon.es/recurso/territorio/Municipio/Gurrea_de_Gállego";"22119";
"http://opendata.aragon.es/recurso/territorio/Municipio/Gúdar";"44121";
"http://opendata.aragon.es/recurso/territorio/Municipio/Herrera_de_los_Navarros";"50124";
"http://opendata.aragon.es/recurso/territorio/Municipio/Hinojosa_de_Jarque";"44123";
"http://opendata.aragon.es/recurso/territorio/Municipio/Hoz_de_Jaca";"22122";
"http://opendata.aragon.es/recurso/territorio/Municipio/Hoz_de_la_Vieja_(La)";"44124";
"http://opendata.aragon.es/recurso/territorio/Municipio/Hoz_y_Costeán";"22908";
"http://opendata.aragon.es/recurso/territorio/Municipio/Huerto";"22124";
"http://opendata.aragon.es/recurso/territorio/Municipio/Huesa_del_Común";"44125";
"http://opendata.aragon.es/recurso/territorio/Municipio/Huesca";"22125";
"http://opendata.aragon.es/recurso/territorio/Municipio/Híjar";"44122";
"http://opendata.aragon.es/recurso/territorio/Municipio/Ibdes";"50125";
"http://opendata.aragon.es/recurso/territorio/Municipio/Ibieca";"22126";
"http://opendata.aragon.es/recurso/territorio/Municipio/Iglesuela_del_Cid_(La)";"44126";
"http://opendata.aragon.es/recurso/territorio/Municipio/Igriés";"22127";
"http://opendata.aragon.es/recurso/territorio/Municipio/Ilche";"22128";
"http://opendata.aragon.es/recurso/territorio/Municipio/Illueca";"50126";
"http://opendata.aragon.es/recurso/territorio/Municipio/Isuerre";"50128";
"http://opendata.aragon.es/recurso/territorio/Municipio/Isábena";"22129";
"http://opendata.aragon.es/recurso/territorio/Municipio/Jabaloyas";"44127";
"http://opendata.aragon.es/recurso/territorio/Municipio/Jaca";"22130";
"http://opendata.aragon.es/recurso/territorio/Municipio/Jaraba";"50129";
"http://opendata.aragon.es/recurso/territorio/Municipio/Jarque";"50130";
"http://opendata.aragon.es/recurso/territorio/Municipio/Jarque_de_la_Val";"44128";
"http://opendata.aragon.es/recurso/territorio/Municipio/Jasa";"22131";
"http://opendata.aragon.es/recurso/territorio/Municipio/Jatiel";"44129";
"http://opendata.aragon.es/recurso/territorio/Municipio/Jaulín";"50131";
"http://opendata.aragon.es/recurso/territorio/Municipio/Jorcas";"44130";
"http://opendata.aragon.es/recurso/territorio/Municipio/Josa";"44131";
"http://opendata.aragon.es/recurso/territorio/Municipio/Joyosa_(La)";"50132";
"http://opendata.aragon.es/recurso/territorio/Municipio/Labuerda";"22133";
"http://opendata.aragon.es/recurso/territorio/Municipio/Lagata";"50133";
"http://opendata.aragon.es/recurso/territorio/Municipio/Lagueruela";"44132";
"http://opendata.aragon.es/recurso/territorio/Municipio/Laluenga";"22135";
"http://opendata.aragon.es/recurso/territorio/Municipio/Lalueza";"22136";
"http://opendata.aragon.es/recurso/territorio/Municipio/Lanaja";"22137";
"http://opendata.aragon.es/recurso/territorio/Municipio/Langa_del_Castillo";"50134";
"http://opendata.aragon.es/recurso/territorio/Municipio/Lanzuela";"44133";
"http://opendata.aragon.es/recurso/territorio/Municipio/Laperdiguera";"22139";
"http://opendata.aragon.es/recurso/territorio/Municipio/Lascellas-Ponzano";"22141";
"http://opendata.aragon.es/recurso/territorio/Municipio/Lascuarre";"22142";
"http://opendata.aragon.es/recurso/territorio/Municipio/Laspaúles";"22143";
"http://opendata.aragon.es/recurso/territorio/Municipio/Laspuña";"22144";
"http://opendata.aragon.es/recurso/territorio/Municipio/Layana";"50135";
"http://opendata.aragon.es/recurso/territorio/Municipio/Lechón";"50138";
"http://opendata.aragon.es/recurso/territorio/Municipio/Leciñena";"50137";
"http://opendata.aragon.es/recurso/territorio/Municipio/Letux";"50139";
"http://opendata.aragon.es/recurso/territorio/Municipio/Libros";"44135";
"http://opendata.aragon.es/recurso/territorio/Municipio/Lidón";"44136";
"http://opendata.aragon.es/recurso/territorio/Municipio/Linares_de_Mora";"44137";
"http://opendata.aragon.es/recurso/territorio/Municipio/Litago";"50140";
"http://opendata.aragon.es/recurso/territorio/Municipio/Lituénigo";"50141";
"http://opendata.aragon.es/recurso/territorio/Municipio/Lledó";"44141";
"http://opendata.aragon.es/recurso/territorio/Municipio/Loarre";"22149";
"http://opendata.aragon.es/recurso/territorio/Municipio/Lobera_de_Onsella";"50142";
"http://opendata.aragon.es/recurso/territorio/Municipio/Longares";"50143";
"http://opendata.aragon.es/recurso/territorio/Municipio/Longás";"50144";
"http://opendata.aragon.es/recurso/territorio/Municipio/Loporzano";"22150";
"http://opendata.aragon.es/recurso/territorio/Municipio/Loscorrales";"22151";
"http://opendata.aragon.es/recurso/territorio/Municipio/Loscos";"44138";
"http://opendata.aragon.es/recurso/territorio/Municipio/Lucena_de_Jalón";"50146";
"http://opendata.aragon.es/recurso/territorio/Municipio/Luceni";"50147";
"http://opendata.aragon.es/recurso/territorio/Municipio/Luesia";"50148";
"http://opendata.aragon.es/recurso/territorio/Municipio/Luesma";"50149";
"http://opendata.aragon.es/recurso/territorio/Municipio/Lumpiaque";"50150";
"http://opendata.aragon.es/recurso/territorio/Municipio/Luna";"50151";
"http://opendata.aragon.es/recurso/territorio/Municipio/Lupiñén-Ortilla";"22905";
"http://opendata.aragon.es/recurso/territorio/Municipio/Lécera";"50136";
"http://opendata.aragon.es/recurso/territorio/Municipio/Maella";"50152";
"http://opendata.aragon.es/recurso/territorio/Municipio/Magallón";"50153";
"http://opendata.aragon.es/recurso/territorio/Municipio/Maicas";"44142";
"http://opendata.aragon.es/recurso/territorio/Municipio/Mainar";"50154";
"http://opendata.aragon.es/recurso/territorio/Municipio/Malanquilla";"50155";
"http://opendata.aragon.es/recurso/territorio/Municipio/Maleján";"50156";
"http://opendata.aragon.es/recurso/territorio/Municipio/Mallén";"50160";
"http://opendata.aragon.es/recurso/territorio/Municipio/Maluenda";"50159";
"http://opendata.aragon.es/recurso/territorio/Municipio/Malón";"50157";
"http://opendata.aragon.es/recurso/territorio/Municipio/Manchones";"50161";
"http://opendata.aragon.es/recurso/territorio/Municipio/Manzanera";"44143";
"http://opendata.aragon.es/recurso/territorio/Municipio/Mara";"50162";
"http://opendata.aragon.es/recurso/territorio/Municipio/Marracos";"50902";
"http://opendata.aragon.es/recurso/territorio/Municipio/Martín_del_Río";"44144";
"http://opendata.aragon.es/recurso/territorio/Municipio/María_de_Huerva";"50163";
"http://opendata.aragon.es/recurso/territorio/Municipio/Mas_de_las_Matas";"44145";
"http://opendata.aragon.es/recurso/territorio/Municipio/Mata_de_los_Olmos_(La)";"44146";
"http://opendata.aragon.es/recurso/territorio/Municipio/Mazaleón";"44147";
"http://opendata.aragon.es/recurso/territorio/Municipio/Mediana_de_Aragón";"50164";
"http://opendata.aragon.es/recurso/territorio/Municipio/Mequinenza";"50165";
"http://opendata.aragon.es/recurso/territorio/Municipio/Mesones_de_Isuela";"50166";
"http://opendata.aragon.es/recurso/territorio/Municipio/Mezalocha";"50167";
"http://opendata.aragon.es/recurso/territorio/Municipio/Mezquita_de_Jarque";"44148";
"http://opendata.aragon.es/recurso/territorio/Municipio/Mianos";"50168";
"http://opendata.aragon.es/recurso/territorio/Municipio/Miedes_de_Aragón";"50169";
"http://opendata.aragon.es/recurso/territorio/Municipio/Mirambel";"44149";
"http://opendata.aragon.es/recurso/territorio/Municipio/Miravete_de_la_Sierra";"44150";
"http://opendata.aragon.es/recurso/territorio/Municipio/Molinos";"44151";
"http://opendata.aragon.es/recurso/territorio/Municipio/Monegrillo";"50170";
"http://opendata.aragon.es/recurso/territorio/Municipio/Monesma_y_Cajigar";"22155";
"http://opendata.aragon.es/recurso/territorio/Municipio/Moneva";"50171";
"http://opendata.aragon.es/recurso/territorio/Municipio/Monflorite-Lascasas";"22156";
"http://opendata.aragon.es/recurso/territorio/Municipio/Monforte_de_Moyuela";"44152";
"http://opendata.aragon.es/recurso/territorio/Municipio/Monreal_de_Ariza";"50172";
"http://opendata.aragon.es/recurso/territorio/Municipio/Monreal_del_Campo";"44153";
"http://opendata.aragon.es/recurso/territorio/Municipio/Monroyo";"44154";
"http://opendata.aragon.es/recurso/territorio/Municipio/Montalbán";"44155";
"http://opendata.aragon.es/recurso/territorio/Municipio/Montanuy";"22157";
"http://opendata.aragon.es/recurso/territorio/Municipio/Monteagudo_del_Castillo";"44156";
"http://opendata.aragon.es/recurso/territorio/Municipio/Monterde";"50173";
"http://opendata.aragon.es/recurso/territorio/Municipio/Monterde_de_Albarracín";"44157";
"http://opendata.aragon.es/recurso/territorio/Municipio/Montón";"50174";
"http://opendata.aragon.es/recurso/territorio/Municipio/Monzón";"22158";
"http://opendata.aragon.es/recurso/territorio/Municipio/Mora_de_Rubielos";"44158";
"http://opendata.aragon.es/recurso/territorio/Municipio/Morata_de_Jalón";"50175";
"http://opendata.aragon.es/recurso/territorio/Municipio/Morata_de_Jiloca";"50176";
"http://opendata.aragon.es/recurso/territorio/Municipio/Moros";"50178";
"http://opendata.aragon.es/recurso/territorio/Municipio/Morés";"50177";
"http://opendata.aragon.es/recurso/territorio/Municipio/Moscardón";"44159";
"http://opendata.aragon.es/recurso/territorio/Municipio/Mosqueruela";"44160";
"http://opendata.aragon.es/recurso/territorio/Municipio/Moyuela";"50179";
"http://opendata.aragon.es/recurso/territorio/Municipio/Mozota";"50180";
"http://opendata.aragon.es/recurso/territorio/Municipio/Muel";"50181";
"http://opendata.aragon.es/recurso/territorio/Municipio/Muela_(La)";"50182";
"http://opendata.aragon.es/recurso/territorio/Municipio/Muniesa";"44161";
"http://opendata.aragon.es/recurso/territorio/Municipio/Munébrega";"50183";
"http://opendata.aragon.es/recurso/territorio/Municipio/Murero";"50184";
"http://opendata.aragon.es/recurso/territorio/Municipio/Murillo_de_Gállego";"50185";
"http://opendata.aragon.es/recurso/territorio/Municipio/Naval";"22160";
"http://opendata.aragon.es/recurso/territorio/Municipio/Navardún";"50186";
"http://opendata.aragon.es/recurso/territorio/Municipio/Nigüella";"50187";
"http://opendata.aragon.es/recurso/territorio/Municipio/Noguera_de_Albarracín";"44163";
"http://opendata.aragon.es/recurso/territorio/Municipio/Nogueras";"44164";
"http://opendata.aragon.es/recurso/territorio/Municipio/Nogueruelas";"44165";
"http://opendata.aragon.es/recurso/territorio/Municipio/Nombrevilla";"50188";
"http://opendata.aragon.es/recurso/territorio/Municipio/Nonaspe";"50189";
"http://opendata.aragon.es/recurso/territorio/Municipio/Novales";"22162";
"http://opendata.aragon.es/recurso/territorio/Municipio/Novallas";"50190";
"http://opendata.aragon.es/recurso/territorio/Municipio/Novillas";"50191";
"http://opendata.aragon.es/recurso/territorio/Municipio/Nueno";"22163";
"http://opendata.aragon.es/recurso/territorio/Municipio/Nuez_de_Ebro";"50193";
"http://opendata.aragon.es/recurso/territorio/Municipio/Nuévalos";"50192";
"http://opendata.aragon.es/recurso/territorio/Municipio/Obón";"44167";
"http://opendata.aragon.es/recurso/territorio/Municipio/Odón";"44168";
"http://opendata.aragon.es/recurso/territorio/Municipio/Ojos_Negros";"44169";
"http://opendata.aragon.es/recurso/territorio/Municipio/Olba";"44171";
"http://opendata.aragon.es/recurso/territorio/Municipio/Oliete";"44172";
"http://opendata.aragon.es/recurso/territorio/Municipio/Olmos_(Los)";"44173";
"http://opendata.aragon.es/recurso/territorio/Municipio/Olvena";"22164";
"http://opendata.aragon.es/recurso/territorio/Municipio/Olvés";"50194";
"http://opendata.aragon.es/recurso/territorio/Municipio/Ontiñena";"22165";
"http://opendata.aragon.es/recurso/territorio/Municipio/Orcajo";"50195";
"http://opendata.aragon.es/recurso/territorio/Municipio/Orera";"50196";
"http://opendata.aragon.es/recurso/territorio/Municipio/Orihuela_del_Tremedal";"44174";
"http://opendata.aragon.es/recurso/territorio/Municipio/Orrios";"44175";
"http://opendata.aragon.es/recurso/territorio/Municipio/Orés";"50197";
"http://opendata.aragon.es/recurso/territorio/Municipio/Oseja";"50198";
"http://opendata.aragon.es/recurso/territorio/Municipio/Osera_de_Ebro";"50199";
"http://opendata.aragon.es/recurso/territorio/Municipio/Osso_de_Cinca";"22167";
"http://opendata.aragon.es/recurso/territorio/Municipio/Palo";"22168";
"http://opendata.aragon.es/recurso/territorio/Municipio/Palomar_de_Arroyos";"44176";
"http://opendata.aragon.es/recurso/territorio/Municipio/Pancrudo";"44177";
"http://opendata.aragon.es/recurso/territorio/Municipio/Paniza";"50200";
"http://opendata.aragon.es/recurso/territorio/Municipio/Panticosa";"22170";
"http://opendata.aragon.es/recurso/territorio/Municipio/Paracuellos_de_Jiloca";"50201";
"http://opendata.aragon.es/recurso/territorio/Municipio/Paracuellos_de_la_Ribera";"50202";
"http://opendata.aragon.es/recurso/territorio/Municipio/Parras_de_Castellote_(Las)";"44178";
"http://opendata.aragon.es/recurso/territorio/Municipio/Pastriz";"50203";
"http://opendata.aragon.es/recurso/territorio/Municipio/Pedrola";"50204";
"http://opendata.aragon.es/recurso/territorio/Municipio/Pedrosas_(Las)";"50205";
"http://opendata.aragon.es/recurso/territorio/Municipio/Peracense";"44180";
"http://opendata.aragon.es/recurso/territorio/Municipio/Peralejos";"44181";
"http://opendata.aragon.es/recurso/territorio/Municipio/Perales_del_Alfambra";"44182";
"http://opendata.aragon.es/recurso/territorio/Municipio/Peralta_de_Alcofea";"22174";
"http://opendata.aragon.es/recurso/territorio/Municipio/Peralta_de_Calasanz";"22175";
"http://opendata.aragon.es/recurso/territorio/Municipio/Peraltilla";"22176";
"http://opendata.aragon.es/recurso/territorio/Municipio/Perarrúa";"22177";
"http://opendata.aragon.es/recurso/territorio/Municipio/Perdiguera";"50206";
"http://opendata.aragon.es/recurso/territorio/Municipio/Pertusa";"22178";
"http://opendata.aragon.es/recurso/territorio/Municipio/Peñalba";"22172";
"http://opendata.aragon.es/recurso/territorio/Municipio/Peñarroya_de_Tastavins";"44179";
"http://opendata.aragon.es/recurso/territorio/Municipio/Peñas_de_Riglos_(Las)";"22173";
"http://opendata.aragon.es/recurso/territorio/Municipio/Piedratajada";"50207";
"http://opendata.aragon.es/recurso/territorio/Municipio/Pina_de_Ebro";"50208";
"http://opendata.aragon.es/recurso/territorio/Municipio/Pinseque";"50209";
"http://opendata.aragon.es/recurso/territorio/Municipio/Pintanos_(Los)";"50210";
"http://opendata.aragon.es/recurso/territorio/Municipio/Piracés";"22181";
"http://opendata.aragon.es/recurso/territorio/Municipio/Pitarque";"44183";
"http://opendata.aragon.es/recurso/territorio/Municipio/Plan";"22182";
"http://opendata.aragon.es/recurso/territorio/Municipio/Plasencia_de_Jalón";"50211";
"http://opendata.aragon.es/recurso/territorio/Municipio/Pleitas";"50212";
"http://opendata.aragon.es/recurso/territorio/Municipio/Plenas";"50213";
"http://opendata.aragon.es/recurso/territorio/Municipio/Plou";"44184";
"http://opendata.aragon.es/recurso/territorio/Municipio/Pobo_(El)";"44185";
"http://opendata.aragon.es/recurso/territorio/Municipio/Poleñino";"22184";
"http://opendata.aragon.es/recurso/territorio/Municipio/Pomer";"50214";
"http://opendata.aragon.es/recurso/territorio/Municipio/Portellada_(La)";"44187";
"http://opendata.aragon.es/recurso/territorio/Municipio/Pozondón";"44189";
"http://opendata.aragon.es/recurso/territorio/Municipio/Pozuel_de_Ariza";"50215";
"http://opendata.aragon.es/recurso/territorio/Municipio/Pozuel_del_Campo";"44190";
"http://opendata.aragon.es/recurso/territorio/Municipio/Pozuelo_de_Aragón";"50216";
"http://opendata.aragon.es/recurso/territorio/Municipio/Pozán_de_Vero";"22186";
"http://opendata.aragon.es/recurso/territorio/Municipio/Pradilla_de_Ebro";"50217";
"http://opendata.aragon.es/recurso/territorio/Municipio/Puebla_de_Albortón";"50218";
"http://opendata.aragon.es/recurso/territorio/Municipio/Puebla_de_Alfindén_(La)";"50219";
"http://opendata.aragon.es/recurso/territorio/Municipio/Puebla_de_Castro_(La)";"22187";
"http://opendata.aragon.es/recurso/territorio/Municipio/Puebla_de_Híjar_(La)";"44191";
"http://opendata.aragon.es/recurso/territorio/Municipio/Puebla_de_Valverde_(La)";"44192";
"http://opendata.aragon.es/recurso/territorio/Municipio/Puendeluna";"50220";
"http://opendata.aragon.es/recurso/territorio/Municipio/Puente_de_Montañana";"22188";
"http://opendata.aragon.es/recurso/territorio/Municipio/Puente_la_Reina_de_Jaca";"22902";
"http://opendata.aragon.es/recurso/territorio/Municipio/Puertomingalvo";"44193";
"http://opendata.aragon.es/recurso/territorio/Municipio/Pueyo_de_Araguás_(El)";"22190";
"http://opendata.aragon.es/recurso/territorio/Municipio/Pueyo_de_Santa_Cruz";"22193";
"http://opendata.aragon.es/recurso/territorio/Municipio/Purujosa";"50221";
"http://opendata.aragon.es/recurso/territorio/Municipio/Puértolas";"22189";
"http://opendata.aragon.es/recurso/territorio/Municipio/Quicena";"22195";
"http://opendata.aragon.es/recurso/territorio/Municipio/Quinto";"50222";
"http://opendata.aragon.es/recurso/territorio/Municipio/Remolinos";"50223";
"http://opendata.aragon.es/recurso/territorio/Municipio/Retascón";"50224";
"http://opendata.aragon.es/recurso/territorio/Municipio/Ricla";"50225";
"http://opendata.aragon.es/recurso/territorio/Municipio/Rillo";"44195";
"http://opendata.aragon.es/recurso/territorio/Municipio/Riodeva";"44196";
"http://opendata.aragon.es/recurso/territorio/Municipio/Robres";"22197";
"http://opendata.aragon.es/recurso/territorio/Municipio/Romanos";"50227";
"http://opendata.aragon.es/recurso/territorio/Municipio/Royuela";"44198";
"http://opendata.aragon.es/recurso/territorio/Municipio/Rubiales";"44199";
"http://opendata.aragon.es/recurso/territorio/Municipio/Rubielos_de_Mora";"44201";
"http://opendata.aragon.es/recurso/territorio/Municipio/Rubielos_de_la_Cérida";"44200";
"http://opendata.aragon.es/recurso/territorio/Municipio/Rueda_de_Jalón";"50228";
"http://opendata.aragon.es/recurso/territorio/Municipio/Ruesca";"50229";
"http://opendata.aragon.es/recurso/territorio/Municipio/Ráfales";"44194";
"http://opendata.aragon.es/recurso/territorio/Municipio/Ródenas";"44197";
"http://opendata.aragon.es/recurso/territorio/Municipio/Sabiñánigo";"22199";
"http://opendata.aragon.es/recurso/territorio/Municipio/Sahún";"22200";
"http://opendata.aragon.es/recurso/territorio/Municipio/Salas_Altas";"22201";
"http://opendata.aragon.es/recurso/territorio/Municipio/Salas_Bajas";"22202";
"http://opendata.aragon.es/recurso/territorio/Municipio/Salcedillo";"44203";
"http://opendata.aragon.es/recurso/territorio/Municipio/Saldón";"44204";
"http://opendata.aragon.es/recurso/territorio/Municipio/Salillas";"22203";
"http://opendata.aragon.es/recurso/territorio/Municipio/Salillas_de_Jalón";"50231";
"http://opendata.aragon.es/recurso/territorio/Municipio/Sallent_de_Gállego";"22204";
"http://opendata.aragon.es/recurso/territorio/Municipio/Salvatierra_de_Esca";"50232";
"http://opendata.aragon.es/recurso/territorio/Municipio/Samper_de_Calanda";"44205";
"http://opendata.aragon.es/recurso/territorio/Municipio/Samper_del_Salz";"50233";
"http://opendata.aragon.es/recurso/territorio/Municipio/San_Agustín";"44206";
"http://opendata.aragon.es/recurso/territorio/Municipio/San_Esteban_de_Litera";"22205";
"http://opendata.aragon.es/recurso/territorio/Municipio/San_Juan_de_Plan";"22207";
"http://opendata.aragon.es/recurso/territorio/Municipio/San_Martín_de_la_Virgen_de_Moncayo";"50234";
"http://opendata.aragon.es/recurso/territorio/Municipio/San_Martín_del_Río";"44207";
"http://opendata.aragon.es/recurso/territorio/Municipio/San_Mateo_de_Gállego";"50235";
"http://opendata.aragon.es/recurso/territorio/Municipio/San_Miguel_del_Cinca";"22903";
"http://opendata.aragon.es/recurso/territorio/Municipio/Sangarrén";"22206";
"http://opendata.aragon.es/recurso/territorio/Municipio/Santa_Cilia";"22208";
"http://opendata.aragon.es/recurso/territorio/Municipio/Santa_Cruz_de_Grío";"50236";
"http://opendata.aragon.es/recurso/territorio/Municipio/Santa_Cruz_de_Moncayo";"50237";
"http://opendata.aragon.es/recurso/territorio/Municipio/Santa_Cruz_de_Nogueras";"44208";
"http://opendata.aragon.es/recurso/territorio/Municipio/Santa_Cruz_de_la_Serós";"22209";
"http://opendata.aragon.es/recurso/territorio/Municipio/Santa_Eulalia";"44209";
"http://opendata.aragon.es/recurso/territorio/Municipio/Santa_Eulalia_de_Gállego";"50238";
"http://opendata.aragon.es/recurso/territorio/Municipio/Santa_María_de_Dulcis";"22906";
"http://opendata.aragon.es/recurso/territorio/Municipio/Santaliestra_y_San_Quílez";"22212";
"http://opendata.aragon.es/recurso/territorio/Municipio/Santed";"50239";
"http://opendata.aragon.es/recurso/territorio/Municipio/Sariñena";"22213";
"http://opendata.aragon.es/recurso/territorio/Municipio/Sarrión";"44210";
"http://opendata.aragon.es/recurso/territorio/Municipio/Saviñán";"50241";
"http://opendata.aragon.es/recurso/territorio/Municipio/Secastilla";"22214";
"http://opendata.aragon.es/recurso/territorio/Municipio/Sediles";"50242";
"http://opendata.aragon.es/recurso/territorio/Municipio/Segura_de_los_Baños";"44211";
"http://opendata.aragon.es/recurso/territorio/Municipio/Seira";"22215";
"http://opendata.aragon.es/recurso/territorio/Municipio/Sena";"22217";
"http://opendata.aragon.es/recurso/territorio/Municipio/Seno";"44212";
"http://opendata.aragon.es/recurso/territorio/Municipio/Senés_de_Alcubierre";"22218";
"http://opendata.aragon.es/recurso/territorio/Municipio/Sesa";"22220";
"http://opendata.aragon.es/recurso/territorio/Municipio/Sestrica";"50243";
"http://opendata.aragon.es/recurso/territorio/Municipio/Sesué";"22221";
"http://opendata.aragon.es/recurso/territorio/Municipio/Sierra_de_Luna";"50244";
"http://opendata.aragon.es/recurso/territorio/Municipio/Sigüés";"50245";
"http://opendata.aragon.es/recurso/territorio/Municipio/Singra";"44213";
"http://opendata.aragon.es/recurso/territorio/Municipio/Sisamón";"50246";
"http://opendata.aragon.es/recurso/territorio/Municipio/Siétamo";"22222";
"http://opendata.aragon.es/recurso/territorio/Municipio/Sobradiel";"50247";
"http://opendata.aragon.es/recurso/territorio/Municipio/Sopeira";"22223";
"http://opendata.aragon.es/recurso/territorio/Municipio/Sos_del_Rey_Católico";"50248";
"http://opendata.aragon.es/recurso/territorio/Municipio/Sotonera_(La)";"22904";
"http://opendata.aragon.es/recurso/territorio/Municipio/Sádaba";"50230";
"http://opendata.aragon.es/recurso/territorio/Municipio/Sástago";"50240";
"http://opendata.aragon.es/recurso/territorio/Municipio/Tabuenca";"50249";
"http://opendata.aragon.es/recurso/territorio/Municipio/Talamantes";"50250";
"http://opendata.aragon.es/recurso/territorio/Municipio/Tamarite_de_Litera";"22225";
"http://opendata.aragon.es/recurso/territorio/Municipio/Tarazona";"50251";
"http://opendata.aragon.es/recurso/territorio/Municipio/Tardienta";"22226";
"http://opendata.aragon.es/recurso/territorio/Municipio/Tauste";"50252";
"http://opendata.aragon.es/recurso/territorio/Municipio/Tella-Sin";"22227";
"http://opendata.aragon.es/recurso/territorio/Municipio/Terrer";"50253";
"http://opendata.aragon.es/recurso/territorio/Municipio/Terriente";"44215";
"http://opendata.aragon.es/recurso/territorio/Municipio/Teruel";"44216";
"http://opendata.aragon.es/recurso/territorio/Municipio/Tierga";"50254";
"http://opendata.aragon.es/recurso/territorio/Municipio/Tierz";"22228";
"http://opendata.aragon.es/recurso/territorio/Municipio/Tobed";"50255";
"http://opendata.aragon.es/recurso/territorio/Municipio/Tolva";"22229";
"http://opendata.aragon.es/recurso/territorio/Municipio/Toril_y_Masegoso";"44217";
"http://opendata.aragon.es/recurso/territorio/Municipio/Torla";"22230";
"http://opendata.aragon.es/recurso/territorio/Municipio/Tormón";"44218";
"http://opendata.aragon.es/recurso/territorio/Municipio/Tornos";"44219";
"http://opendata.aragon.es/recurso/territorio/Municipio/Torralba_de_Aragón";"22232";
"http://opendata.aragon.es/recurso/territorio/Municipio/Torralba_de_Ribota";"50257";
"http://opendata.aragon.es/recurso/territorio/Municipio/Torralba_de_los_Frailes";"50256";
"http://opendata.aragon.es/recurso/territorio/Municipio/Torralba_de_los_Sisones";"44220";
"http://opendata.aragon.es/recurso/territorio/Municipio/Torralbilla";"50258";
"http://opendata.aragon.es/recurso/territorio/Municipio/Torre_de_Arcas";"44223";
"http://opendata.aragon.es/recurso/territorio/Municipio/Torre_de_las_Arcas";"44224";
"http://opendata.aragon.es/recurso/territorio/Municipio/Torre_del_Compte";"44225";
"http://opendata.aragon.es/recurso/territorio/Municipio/Torre_la_Ribera";"22233";
"http://opendata.aragon.es/recurso/territorio/Municipio/Torre_los_Negros";"44227";
"http://opendata.aragon.es/recurso/territorio/Municipio/Torrecilla_de_Alcañiz";"44221";
"http://opendata.aragon.es/recurso/territorio/Municipio/Torrecilla_del_Rebollar";"44222";
"http://opendata.aragon.es/recurso/territorio/Municipio/Torrehermosa";"50259";
"http://opendata.aragon.es/recurso/territorio/Municipio/Torrelacárcel";"44226";
"http://opendata.aragon.es/recurso/territorio/Municipio/Torrelapaja";"50260";
"http://opendata.aragon.es/recurso/territorio/Municipio/Torrellas";"50261";
"http://opendata.aragon.es/recurso/territorio/Municipio/Torremocha_de_Jiloca";"44228";
"http://opendata.aragon.es/recurso/territorio/Municipio/Torrente_de_Cinca";"22234";
"http://opendata.aragon.es/recurso/territorio/Municipio/Torres_de_Albarracín";"44229";
"http://opendata.aragon.es/recurso/territorio/Municipio/Torres_de_Alcanadre";"22235";
"http://opendata.aragon.es/recurso/territorio/Municipio/Torres_de_Barbués";"22236";
"http://opendata.aragon.es/recurso/territorio/Municipio/Torres_de_Berrellén";"50262";
"http://opendata.aragon.es/recurso/territorio/Municipio/Torrevelilla";"44230";
"http://opendata.aragon.es/recurso/territorio/Municipio/Torrijas";"44231";
"http://opendata.aragon.es/recurso/territorio/Municipio/Torrijo_de_la_Cañada";"50263";
"http://opendata.aragon.es/recurso/territorio/Municipio/Torrijo_del_Campo";"44232";
"http://opendata.aragon.es/recurso/territorio/Municipio/Tosos";"50264";
"http://opendata.aragon.es/recurso/territorio/Municipio/Tramacastiel";"44234";
"http://opendata.aragon.es/recurso/territorio/Municipio/Tramacastilla";"44235";
"http://opendata.aragon.es/recurso/territorio/Municipio/Tramaced";"22239";
"http://opendata.aragon.es/recurso/territorio/Municipio/Trasmoz";"50265";
"http://opendata.aragon.es/recurso/territorio/Municipio/Trasobares";"50266";
"http://opendata.aragon.es/recurso/territorio/Municipio/Tronchón";"44236";
"http://opendata.aragon.es/recurso/territorio/Municipio/Uncastillo";"50267";
"http://opendata.aragon.es/recurso/territorio/Municipio/Undués_de_Lerda";"50268";
"http://opendata.aragon.es/recurso/territorio/Municipio/Urrea_de_Gaén";"44237";
"http://opendata.aragon.es/recurso/territorio/Municipio/Urrea_de_Jalón";"50269";
"http://opendata.aragon.es/recurso/territorio/Municipio/Urriés";"50270";
"http://opendata.aragon.es/recurso/territorio/Municipio/Used";"50271";
"http://opendata.aragon.es/recurso/territorio/Municipio/Utebo";"50272";
"http://opendata.aragon.es/recurso/territorio/Municipio/Utrillas";"44238";
"http://opendata.aragon.es/recurso/territorio/Municipio/Val_de_San_Martín";"50274";
"http://opendata.aragon.es/recurso/territorio/Municipio/Valacloche";"44239";
"http://opendata.aragon.es/recurso/territorio/Municipio/Valbona";"44240";
"http://opendata.aragon.es/recurso/territorio/Municipio/Valdealgorfa";"44241";
"http://opendata.aragon.es/recurso/territorio/Municipio/Valdecuenca";"44243";
"http://opendata.aragon.es/recurso/territorio/Municipio/Valdehorna";"50273";
"http://opendata.aragon.es/recurso/territorio/Municipio/Valdelinares";"44244";
"http://opendata.aragon.es/recurso/territorio/Municipio/Valdeltormo";"44245";
"http://opendata.aragon.es/recurso/territorio/Municipio/Valderrobres";"44246";
"http://opendata.aragon.es/recurso/territorio/Municipio/Valfarta";"22242";
"http://opendata.aragon.es/recurso/territorio/Municipio/Valjunquera";"44247";
"http://opendata.aragon.es/recurso/territorio/Municipio/Valle_de_Bardají";"22243";
"http://opendata.aragon.es/recurso/territorio/Municipio/Valle_de_Hecho";"22901";
"http://opendata.aragon.es/recurso/territorio/Municipio/Valle_de_Lierp";"22244";
"http://opendata.aragon.es/recurso/territorio/Municipio/Vallecillo_(El)";"44249";
"http://opendata.aragon.es/recurso/territorio/Municipio/Valmadrid";"50275";
"http://opendata.aragon.es/recurso/territorio/Municipio/Valpalmas";"50276";
"http://opendata.aragon.es/recurso/territorio/Municipio/Valtorres";"50277";
"http://opendata.aragon.es/recurso/territorio/Municipio/Veguillas_de_la_Sierra";"44250";
"http://opendata.aragon.es/recurso/territorio/Municipio/Velilla_de_Cinca";"22245";
"http://opendata.aragon.es/recurso/territorio/Municipio/Velilla_de_Ebro";"50278";
"http://opendata.aragon.es/recurso/territorio/Municipio/Velilla_de_Jiloca";"50279";
"http://opendata.aragon.es/recurso/territorio/Municipio/Vencillón";"22909";
"http://opendata.aragon.es/recurso/territorio/Municipio/Vera_de_Moncayo";"50280";
"http://opendata.aragon.es/recurso/territorio/Municipio/Viacamp_y_Litera";"22247";
"http://opendata.aragon.es/recurso/territorio/Municipio/Vicién";"22248";
"http://opendata.aragon.es/recurso/territorio/Municipio/Vierlas";"50281";
"http://opendata.aragon.es/recurso/territorio/Municipio/Villadoz";"50283";
"http://opendata.aragon.es/recurso/territorio/Municipio/Villafeliche";"50284";
"http://opendata.aragon.es/recurso/territorio/Municipio/Villafranca_de_Ebro";"50285";
"http://opendata.aragon.es/recurso/territorio/Municipio/Villafranca_del_Campo";"44251";
"http://opendata.aragon.es/recurso/territorio/Municipio/Villahermosa_del_Campo";"44252";
"http://opendata.aragon.es/recurso/territorio/Municipio/Villalba_de_Perejil";"50286";
"http://opendata.aragon.es/recurso/territorio/Municipio/Villalengua";"50287";
"http://opendata.aragon.es/recurso/territorio/Municipio/Villamayor_de_Gállego";"50903";
"http://opendata.aragon.es/recurso/territorio/Municipio/Villanova";"22249";
"http://opendata.aragon.es/recurso/territorio/Municipio/Villanueva_de_Gállego";"50288";
"http://opendata.aragon.es/recurso/territorio/Municipio/Villanueva_de_Huerva";"50290";
"http://opendata.aragon.es/recurso/territorio/Municipio/Villanueva_de_Jiloca";"50289";
"http://opendata.aragon.es/recurso/territorio/Municipio/Villanueva_de_Sigena";"22251";
"http://opendata.aragon.es/recurso/territorio/Municipio/Villanueva_del_Rebollar_de_la_Sierra";"44256";
"http://opendata.aragon.es/recurso/territorio/Municipio/Villanúa";"22250";
"http://opendata.aragon.es/recurso/territorio/Municipio/Villar_de_los_Navarros";"50291";
"http://opendata.aragon.es/recurso/territorio/Municipio/Villar_del_Cobo";"44257";
"http://opendata.aragon.es/recurso/territorio/Municipio/Villar_del_Salz";"44258";
"http://opendata.aragon.es/recurso/territorio/Municipio/Villarluengo";"44260";
"http://opendata.aragon.es/recurso/territorio/Municipio/Villarquemado";"44261";
"http://opendata.aragon.es/recurso/territorio/Municipio/Villarreal_de_Huerva";"50292";
"http://opendata.aragon.es/recurso/territorio/Municipio/Villarroya_de_la_Sierra";"50293";
"http://opendata.aragon.es/recurso/territorio/Municipio/Villarroya_de_los_Pinares";"44262";
"http://opendata.aragon.es/recurso/territorio/Municipio/Villarroya_del_Campo";"50294";
"http://opendata.aragon.es/recurso/territorio/Municipio/Villastar";"44263";
"http://opendata.aragon.es/recurso/territorio/Municipio/Villel";"44264";
"http://opendata.aragon.es/recurso/territorio/Municipio/Vilueña_(La)";"50282";
"http://opendata.aragon.es/recurso/territorio/Municipio/Vinaceite";"44265";
"http://opendata.aragon.es/recurso/territorio/Municipio/Visiedo";"44266";
"http://opendata.aragon.es/recurso/territorio/Municipio/Vistabella";"50295";
"http://opendata.aragon.es/recurso/territorio/Municipio/Vivel_del_Río_Martín";"44267";
"http://opendata.aragon.es/recurso/territorio/Municipio/Yebra_de_Basa";"22252";
"http://opendata.aragon.es/recurso/territorio/Municipio/Yésero";"22253";
"http://opendata.aragon.es/recurso/territorio/Municipio/Zaida_(La)";"50296";
"http://opendata.aragon.es/recurso/territorio/Municipio/Zaidín";"22254";
"http://opendata.aragon.es/recurso/territorio/Municipio/Zaragoza";"50297";
"http://opendata.aragon.es/recurso/territorio/Municipio/Zoma_(La)";"44268";
"http://opendata.aragon.es/recurso/territorio/Municipio/Zuera";"50298";
"http://opendata.aragon.es/recurso/territorio/Municipio/Épila";"50099";
"http://opendata.aragon.es/recurso/territorio/Municipio/Veracruz";"";
